ts_utc,btc_price,bull_score,phase_label,ret_7d,ret_30d,ema20,ema50,ema200,ema20_gt_ema50,ema50_gt_ema200,price_gt_ema200,fr_current,fr_state,cb_premium,cb_state,oi_change_24h,vol_ratio,drawdown_90d
2026-06-14T16:11:57.715355+00:00,64125.0,-4,弱弱気,0.03164516232826031,-0.1895662900019337,66640.47049611223,70621.32894901093,80456.07119157132,False,False,False,-0.003265,cold,-0.0005292787524366835,cold,0.015873247699528026,0.361415132011251,-0.2195762527246372
2026-06-14T22:07:31.753221+00:00,65033.0,-4,弱弱気,0.027111459274374416,-0.17809067505178566,66726.94668658843,70656.93679214819,80465.10601744195,False,False,False,-0.003265,cold,-0.0014715605923146262,cold,0.016234582985110046,0.5831924547138826,-0.20852557416672646
2026-06-15T02:05:07.659426+00:00,65550.9,-8,強弱気,0.038193267595193925,-0.1613392288265052,66682.66713570271,70476.51785192093,80228.2127632988,False,False,False,0.002808,hot,-0.0007089147517424458,cold,0.03148085452700422,0.7416870855358244,-0.20222254946943352
2026-06-16T02:07:00.119927+00:00,66316.8,-4,弱弱気,0.05463133035948564,-0.1437203993409738,66723.10451848422,70342.39825957041,80009.1206748185,False,False,False,-0.000428,cold,-0.0005045478672071994,cold,0.026420779053705212,1.2172258838020713,-0.192901277765134
2026-06-17T00:14:36.367790+00:00,65791.5,-8,強弱気,0.06598799717428072,-0.14558046996548113,66592.39647724197,70137.34947929996,79801.71525025049,False,False,False,0.001957,hot,-0.0012410417759132135,cold,-0.015148078760847117,1.2141052404688675,-0.19929436305860382
2026-06-17T10:14:00.201014+00:00,64903.9,-4,弱弱気,0.06335337582122325,-0.15710753310978753,66507.86314390863,70102.5416361627,79792.88340945447,False,False,False,-0.006685,cold,-0.0010893027999858925,cold,-0.045648219228502485,1.223427754027082,-0.2100967664594866
2026-06-17T14:03:50.558958+00:00,65204.3,-2,弱弱気,0.040991942423531436,-0.15320630533990276,66536.47266771816,70114.32202831956,79795.87246418084,False,False,False,-0.006685,cold,-0.00027084103349017615,neutral,-0.018775790805854453,1.1753533982814326,-0.20644079306874175
2026-06-17T23:08:06.617575+00:00,64273.0,-4,弱弱気,0.039156943045475456,-0.16530089063315723,66447.77742962292,70077.80045969211,79786.60579751417,False,False,False,-0.002582,cold,-0.0009381855522537133,cold,-0.050840072986825136,1.0654248998485254,-0.2177750408011011
2026-06-18T14:12:18.823667+00:00,63841.2,-8,強弱気,0.017334518926464426,-0.16897783852387005,66231.2995861636,69836.36164950069,79577.16749892353,False,False,False,0.001896,hot,-0.0018749647563015277,cold,-0.03546700921001955,0.8107715639877929,-0.22303019829152615
2026-06-18T22:09:06.377855+00:00,62930.4,-8,強弱気,-0.010500297178221984,-0.1808337401152006,66144.55672902074,69800.64400244187,79568.10481235637,False,False,False,0.000872,hot,-0.0013073172902127441,cold,-0.028719039547387637,1.4069100714124922,-0.23411495383177405
2026-06-19T00:00:20.417572+00:00,62954.2,-8,強弱気,-0.0073071197900898,-0.1880010163820668,65856.08916608768,69527.7541482526,79334.9066975505,False,False,False,0.006039,hot,-0.001401177363861333,cold,-0.031098275601608494,1.3924547758075203,-0.2338252994819081
2026-06-19T20:14:06.841611+00:00,63066.2,-8,強弱気,-0.007034780281202302,-0.18655641242926924,65867.24154704006,69532.34630511535,79336.07187167984,False,False,False,0.002823,hot,-0.0008706724045526164,cold,-0.0018822964293480071,0.6949890912426533,-0.23246222018842133
2026-06-20T12:14:36.470676+00:00,63775.4,-8,強弱気,-0.005063962558502277,-0.178573360570223,65716.67086345454,69313.57967390919,79110.17207178386,False,False,False,0.002633,hot,-0.0013464439266551464,cold,0.0032454346678334467,0.4443129532159318,-0.22383100737644956
2026-06-20T16:06:22.399196+00:00,64026.0,-8,強弱気,0.0009880743181973628,-0.17534563458432406,65740.5375301212,69323.40712488958,79112.66560412216,False,False,False,0.003985,hot,-0.001108612126323731,cold,0.016750743132240897,0.4727977285554525,-0.2207811174572729
2026-06-20T22:04:31.522128+00:00,64036.0,-8,強弱気,-0.006179947915858297,-0.17521683466469518,65741.48991107359,69323.79928175232,79112.76510660973,False,False,False,0.003985,hot,-0.0010409769504654178,cold,0.0003116516111691947,0.5398403083707946,-0.22065941394892585
2026-06-21T02:05:25.423772+00:00,64228.6,-8,強弱気,-0.004659898681684149,-0.14988458402600568,65632.55509851502,69122.09891825772,78895.61707727484,False,False,False,0.000778,hot,-0.001066503084295781,cold,0.027892667991002984,0.41141404635801543,-0.218315404378162
2026-06-21T07:06:32.992663+00:00,64253.8,-8,強弱気,-0.003339584390041006,-0.14955104244978346,65634.95509851501,69123.08715355184,78895.8678235435,False,False,False,0.000778,hot,-0.001143123052644425,cold,0.01267840621626859,0.3989067981676788,-0.21800871153712742
2026-06-21T13:04:09.447257+00:00,64112.3,-8,強弱気,0.0018079085451414567,-0.15142390487182478,65621.47890803883,69117.53813394399,78894.4598633445,False,False,False,0.003034,hot,-0.0012758862184011946,cold,0.031083906032171482,0.37067418723166307,-0.21973081618023793
2026-06-21T17:03:45.875698+00:00,64157.2,-8,強弱気,0.005598746081504569,-0.15082961849196863,65625.75509851502,69119.29891825773,78894.90662951366,False,False,False,0.004189,hot,-0.0011523258496318465,cold,0.02928742800182671,0.3194413168673017,-0.21918436742775982
2026-06-21T23:10:38.761290+00:00,63720.0,-8,強弱気,-0.028996019676088225,-0.15661630012388694,65584.11700327693,69102.1538202185,78890.55638075744,False,False,False,0.004189,hot,-0.0010040803515380288,cold,0.019935421966135625,0.3157156954035181,-0.22450524481269218
2026-06-22T07:05:09.735902+00:00,64121.3,-8,強弱気,-0.024022977308842064,-0.16462495521610265,65417.506835329405,68879.37914200833,78674.2605887445,False,False,False,0.006572,hot,-0.0014948230931064376,cold,0.004569483586269074,0.6118822802385819,-0.21962128302272566
2026-06-22T13:06:01.623699+00:00,65124.3,-8,強弱気,-0.022087177454230833,-0.15155782822525488,65513.030644853214,68918.71247534166,78684.24068824698,False,False,False,0.001514,hot,-0.001677714770062819,cold,0.022149917366758975,0.8137730886619808,-0.207414421135518
2026-06-23T16:14:23.716177+00:00,62709.4,-4,弱弱気,-0.04942693735495329,-0.1867212921282012,65155.07577866063,68615.0191513575,78451.727720601,False,False,False,-0.001889,cold,-0.0015610099921223837,cold,-0.04602390115886468,1.9544547521558642,-0.23680460136624348
2026-06-23T22:04:31.726082+00:00,62660.3,-4,弱弱気,-0.046022422780863215,-0.18735807041911934,65150.39958818443,68613.09366116142,78451.23916338709,False,False,False,-0.001889,cold,-0.0013769484027367585,cold,-0.030542015542710854,2.075619962276274,-0.2374021655922275
2026-06-24T23:02:16.398333+00:00,60839.1,-7,強弱気,-0.056270911959197534,-0.21350276971604754,64746.21850199738,68284.72476381046,78215.5407094373,False,False,False,2.7e-05,neutral,-0.0012339104293127233,cold,-0.011038176709345482,1.5662923577929442,-0.25956680853238956
2026-06-25T16:09:39.112283+00:00,59798.6,-9,強弱気,-0.04486218060833169,-0.21235135747440737,64296.55089657763,67936.4383564842,77968.75126532152,False,False,False,0.00158,hot,-0.0013829755211659986,cold,0.016116732094967556,1.4539130243935343,-0.27223005857589855
2026-06-25T22:10:22.007627+00:00,59959.1,-9,強弱気,-0.04791311044596003,-0.21023730117333417,64311.83661086335,67942.73247413125,77970.3482802469,False,False,False,0.00158,hot,-0.0024229850014426306,cold,0.03367948710844182,1.4977412334649522,-0.2702767172669286
2026-06-26T06:09:02.041486+00:00,59786.2,-8,強弱気,-0.04521884387321795,-0.19705554891503618,63873.60975149745,67604.02283741107,77720.93773640963,False,False,False,0.005298,hot,-0.0019947747138970994,cold,0.018500164392162732,1.771505862162346,-0.2723809709262489
2026-06-26T12:09:40.422485+00:00,59431.0,-9,強弱気,-0.06034230602000079,-0.2018259786969152,63839.78118006888,67590.09342564637,77717.40340805141,False,False,False,0.005904,hot,-0.001530682640372889,cold,0.0367065429871396,1.7107306585977697,-0.27670387954273556
2026-06-26T22:11:31.696942+00:00,59907.1,-8,強弱気,-0.05728924886345221,-0.19543182999434583,63885.12403721174,67608.76401388166,77722.14072148425,False,False,False,0.007308,hot,-0.0009831889709233372,cold,-0.015147132663381302,1.0329800020256847,-0.27090957551033323
2026-06-27T12:01:47.825206+00:00,60345.4,-8,強弱気,-0.048506980249693354,-0.1805027628736059,63569.69406686559,67321.79480663015,77476.95541802002,False,False,False,0.004284,hot,-0.0014892601590179636,cold,0.006435533142649552,0.5682459874002633,-0.2655753107394826
2026-06-27T14:06:03.347262+00:00,60526.2,-8,強弱気,-0.056021535227127384,-0.17804747878447147,63586.91311448464,67328.88500270857,77478.75442299515,False,False,False,0.004284,hot,-0.0016934815005733056,cold,0.022303835099001246,0.5128851113765801,-0.26337491130856827
2026-06-27T18:00:49.084004+00:00,60546.2,-8,強弱気,-0.05288680387503897,-0.17777587656222216,63588.817876389396,67329.66931643407,77478.95342797026,False,False,False,0.003742,hot,-0.001937859023357279,cold,0.007355913948300374,0.4807844525868802,-0.26313150429187415
2026-06-27T23:00:04.925119+00:00,60232.9,-8,強弱気,-0.06354613325207314,-0.18203052537375863,63558.979781151305,67317.38304192426,77475.83601503495,False,False,False,0.003742,hot,-0.0016735040152475293,cold,-0.002847712702045757,0.3983885146435236,-0.2669444752083867
2026-06-28T00:11:13.598957+00:00,60114.5,-8,強弱気,-0.0645390192322356,-0.18178613427992762,63216.481760361974,67016.25402098548,77230.89700916607,False,False,False,0.004258,hot,-0.0014715251727952345,cold,-0.010053309781125064,0.40176822239638654,-0.2683854447472157
2026-06-28T12:08:42.724798+00:00,60354.0,-8,強弱気,-0.05825482076039912,-0.17852631808183972,63239.2912841715,67025.64617784822,77233.28009374319,False,False,False,0.001355,hot,-0.001598568446167664,cold,-0.017145272966991087,0.28094933736513483,-0.26547064572230417
2026-06-28T17:07:56.473503+00:00,59804.3,-8,強弱気,-0.06803915824118278,-0.18600824277532169,63186.93890321912,67004.08931510312,77227.8104420019,False,False,False,0.00443,hot,-0.0013756535901265304,cold,-0.019497228268839928,0.2318527345310672,-0.27216068757614065
2026-06-28T22:08:54.216345+00:00,59719.3,-8,強弱気,-0.05681150539196789,-0.1871651712798622,63178.84366512388,67000.75598176979,77226.96467085762,False,False,False,0.00443,hot,-0.0016967713955120328,cold,-0.01646897969600991,0.29157535822996133,-0.2731951673970905
2026-06-29T15:03:45.522854+00:00,59182.8,-6,強弱気,-0.0861873829416332,-0.19880435533065022,62782.52448182057,66679.21122843362,76973.09606175711,False,False,False,0.007444,hot,-0.0004955831761931126,neutral,-0.004281305366518717,0.7644421309708748,-0.2797245606199089
2026-06-30T06:09:45.756058+00:00,59559.1,-8,強弱気,-0.05297294031222477,-0.19169891007989492,62562.28984497377,66435.38521171271,76730.29908775577,False,False,False,0.006175,hot,-0.0018783023920777068,cold,-0.029410158007296627,0.570273118913549,-0.27514485760081
2026-06-30T10:00:16.200132+00:00,59377.8,-8,強弱気,-0.050192272008906524,-0.19415940709214852,62545.02317830711,66428.27540779115,76728.49510765627,False,False,False,0.008349,hot,-0.001492813812569671,cold,-0.022510718184064138,0.5799874068969871,-0.27735134220714175
2026-06-30T15:09:12.760977+00:00,58339.5,-9,強弱気,-0.06782233826163508,-0.20825060426712338,62446.13746402139,66387.55776073232,76718.16376437269,False,False,False,0.008349,hot,-0.001881229698574722,cold,0.025369113544345456,0.7815376346007871,-0.2899878174788144
2026-06-30T21:13:32.654372+00:00,58576.3,-9,強弱気,-0.06445868377089436,-0.20503689388377166,62468.68984497377,66396.84403524213,76720.51998327817,False,False,False,0.003327,hot,-0.001965812111724391,cold,0.028303107878237643,1.0538803698975343,-0.28710587840115653
2026-07-03T00:03:31.514515+00:00,61458.8,-6,強弱気,0.03449622450319323,-0.04165289256198346,62134.17105394646,65774.06056611404,76006.3027933177,False,False,False,0.01,hot,-0.0014583753669125438,cold,0.06355067860050956,1.1775504214170769,-0.25202484212012366
2026-07-03T04:07:32.642766+00:00,61402.4,-7,強弱気,0.024472934282796954,-0.04253235615156714,62128.79962537504,65771.84880140817,76005.74159928785,False,False,False,0.01,hot,-0.0016020546428153072,cold,0.03324197517523553,1.1591738363793342,-0.25271124990720095
2026-07-03T16:13:39.127261+00:00,61923.2,-7,強弱気,0.03152038113641287,-0.03441135194136913,62178.39962537504,65792.27233081993,76010.92368884009,False,False,False,0.01,hot,-0.0010879605705130767,cold,0.027499862154100274,0.6268040312883386,-0.2463729311924875
2026-07-04T06:00:52.217224+00:00,62474.4,-7,強弱気,0.03183312137678174,-0.022092546387460166,62280.06478252686,65692.79223063598,75795.01613857098,False,False,False,0.01,hot,-0.0009924064896981804,cold,0.0028770942116063125,0.6711969966129894,-0.2396646338123989
2026-07-04T12:05:38.066683+00:00,62569.2,-7,強弱気,0.032931403365117795,-0.020608648557269515,62289.09335395543,65696.5098776948,75795.95942215307,False,False,False,0.01,hot,-0.001244062573918102,cold,-0.019862649361744977,0.6854930170337264,-0.23851088455326896
2026-07-04T15:07:28.311408+00:00,62713.3,-7,強弱気,0.031350009045011396,-0.018353061243656654,62302.81716347924,65702.16085808697,75797.39325299884,False,False,False,0.01,hot,-0.0010600622196568065,cold,-0.014745154019611628,0.6205307589125764,-0.23675713699798817
2026-07-05T00:08:52.996745+00:00,63046.7,-7,強弱気,0.04707343848349921,0.03375412580487014,62430.71225510269,65629.3925374068,75592.34478116581,False,False,False,0.009533,hot,-0.0009626197723274184,cold,0.0032176774763077454,0.5690568279563524,-0.23269954202969811
2026-07-05T17:06:58.007109+00:00,62719.2,-7,強弱気,0.052040787229081786,0.028384225775192284,62399.52177891221,65616.54940015191,75589.08607469815,False,False,False,0.008608,hot,-0.0011352185614611969,cold,-0.023541960953463392,0.2645097181955251,-0.2366853319280635
2026-07-05T22:04:27.257905+00:00,63090.3,-7,強弱気,0.05911829534638158,0.03446901936607305,62434.86463605507,65631.10234132838,75592.77861201158,False,False,False,0.008608,hot,-0.0016500159295486916,cold,-0.018695177919260564,0.23012732773254357,-0.23216891473330492
2026-07-06T01:14:22.187950+00:00,63837.0,-7,強弱気,0.06831227512342064,0.0483970300590737,62630.611264171355,65598.38821848891,75407.99337546207,False,False,False,0.0077,hot,-0.0018978022150163926,cold,0.00428304329360607,0.30705636325441865,-0.22308131376503182
2026-07-06T22:02:34.494383+00:00,64414.7,-6,強弱気,0.06951595523005105,0.05788461506878795,62685.6303117904,65621.04312044969,75413.74163416855,False,False,False,0.01,hot,-0.0008148761074723311,cold,-0.016238026064816946,1.4367725296680252,-0.21605050208782361
2026-07-07T19:03:38.349426+00:00,63751.0,-7,強弱気,0.08491842392330984,0.006863940464082008,62763.91651226669,65554.90677988186,75227.1176470461,False,False,False,0.006825,hot,-0.002611096296528668,cold,-0.03129676684743998,1.2832740735516475,-0.22412796393681633
2026-07-07T22:13:38.502248+00:00,63424.8,-5,強弱気,0.0819596624377561,0.0017120366919154417,62732.84984560002,65542.11462301911,75223.87187590184,False,False,False,0.006825,hot,-0.00027481363756764375,neutral,-0.04158014555859468,0.7695480816053345,-0.2280979323790966
2026-07-08T07:03:09.733496+00:00,62627.6,-7,強弱気,0.06193471810089024,-0.0076233546246397,62722.018677743734,65445.41981286276,75026.28889803971,False,False,False,0.004846,hot,-0.0015619311613410017,cold,-0.021221157604482954,0.7594308386428443,-0.23780013606452233
2026-07-08T13:10:21.886061+00:00,61953.3,-7,強弱気,0.040593585447582514,-0.0183080938127389,62657.79963012469,65418.97667560785,75019.57944530339,False,False,False,0.000724,hot,-0.0011458630936528843,cold,-0.02050015955535711,0.7750264723414572,-0.24600660363236282
2026-07-08T17:07:42.231729+00:00,62125.2,-7,強弱気,0.03270570517157401,-0.015584222143698145,62674.17105869611,65425.717852078444,75021.28989306458,False,False,False,0.007171,hot,-0.0012104588798104005,cold,-0.025714155458207655,0.5440908039718618,-0.2439145203238774
2026-07-08T20:10:52.662946+00:00,62274.8,-7,強弱気,0.024256578947368546,-0.01321370904487007,62688.418677743735,65431.58451874511,75022.7784502785,False,False,False,0.007171,hot,-0.0009119258512271557,cold,-0.012583598811643837,0.5574882247763296,-0.24209383583900568
2026-07-09T10:14:10.912217+00:00,63016.1,-7,強弱気,0.02685936272768452,0.020883891975958635,62726.67770718455,65353.85374191065,74827.53521789245,False,False,False,0.006615,hot,-0.001342514055931715,cold,0.0025323714822431675,0.6441795478635813,-0.23307195476524
2026-07-09T21:06:45.370552+00:00,63372.3,-7,強弱気,0.030536064200863633,0.02665446239085001,62760.60151670836,65367.82236936163,74831.07949649941,False,False,False,0.004912,hot,-0.0007858322958138321,cold,0.013820999349391183,0.9724515687903781,-0.22873687579791857
2026-07-10T10:04:42.440164+00:00,64343.8,-6,強弱気,0.03694690835954839,0.046068856984462725,62901.847768007174,65340.08428939635,74646.51346261713,False,False,False,0.007247,hot,-0.0006191738753384752,cold,0.06669500764722236,1.1113054489272043,-0.2169133799620041
2026-07-11T01:07:49.357128+00:00,64121.6,-7,強弱気,0.02522548162170879,0.00822979266708801,63000.56393951457,65312.492091637345,74478.6928905027,False,False,False,0.01,hot,-0.000809243686994701,cold,0.04117891632742654,0.7744523198167871,-0.2196176319174753
2026-07-11T11:13:03.717932+00:00,64217.2,-7,強弱気,0.024756725358967557,0.009732979864210067,63009.66870141933,65316.24111124519,74479.6441342838,False,False,False,0.000942,hot,-0.0009931918551415952,cold,-0.0007867313221597838,0.6399941984502496,-0.21845414637767757
2026-07-11T12:06:38.500802+00:00,64221.8,-7,強弱気,0.02602043995264669,0.009805308955284975,63010.10679665743,65316.42150340205,74479.68990542807,False,False,False,0.000942,hot,-0.0010976023717803804,cold,-0.0018278735348931097,0.5738991785419084,-0.21839816276383794
2026-07-11T20:08:43.317003+00:00,64307.4,-7,強弱気,0.01575101642389387,0.011151258997896152,63018.259177609805,65319.77836614715,74480.5416467216,False,False,False,0.004156,hot,-0.0008897887334894765,cold,-0.0063110045422968275,0.48665532104121,-0.21735638073238728
2026-07-11T21:05:30.416760+00:00,64418.2,-7,強弱気,0.019328540889002044,0.012893446669874242,63028.811558562185,65324.12346418637,74481.6441342838,False,False,False,0.004156,hot,-0.0005479817815461413,cold,-0.0058775899740116655,0.45860364711348633,-0.21600790585990215
2026-07-11T22:07:07.274640+00:00,64335.8,-7,強弱気,0.018796873416438542,0.01159781251670644,63020.963939514564,65320.892091637346,74480.82423378628,False,False,False,0.004156,hot,-0.0006891963727816206,cold,-0.017226305366264127,0.4634859536237416,-0.2170107427686817
2026-07-11T23:10:08.154110+00:00,64141.3,-7,強弱気,0.019122053837280717,0.008539549861474205,63002.440129990755,65313.264640656955,74478.8889104032,False,False,False,0.004156,hot,-0.0008080597056810782,cold,-0.019414890669155027,0.4611269518419879,-0.21937787600603154
2026-07-12T00:10:22.987791+00:00,63791.9,-7,強弱気,0.014400592815923208,0.0035932571365642207,63043.14750367436,65266.49543863034,74318.89295162917,False,False,False,0.004651,hot,-0.0005278099570634869,cold,-0.029282779117010493,0.4728486828921058,-0.2236301965876769
2026-07-12T14:13:59.465114+00:00,64010.3,-7,強弱気,0.020232416175094636,0.007029191281159752,63063.94750367435,65275.060144512696,74321.06608595753,False,False,False,0.006315,hot,-0.0010374892790692043,cold,-0.03262804922169693,0.574270219435288,-0.22097219196537765
2026-07-13T01:14:03.743898+00:00,63874.8,-7,強弱気,0.006517368092629816,-0.008681724922478984,63107.79681353273,65235.281328496916,74155.12981181766,False,False,False,0.001521,hot,-0.0007641511206298093,cold,-0.016684852353481383,0.49010557881010347,-0.22262127450348002
2026-07-13T22:02:09.677229+00:00,62148.1,-7,強弱気,-0.029527319289807785,-0.03547960555108931,62943.34919448511,65167.56760300672,74137.9487172903,False,False,False,0.01,hot,-0.0010238446549451614,cold,0.03398314002375491,1.7151498502723812,-0.24363581928976263
2026-07-13T23:12:20.319996+00:00,62051.2,-7,強弱気,-0.03345083311655839,-0.03698346530258778,62934.12062305654,65163.767603006716,74136.98453818582,False,False,False,0.01,hot,-0.0013308364705274752,cold,0.03669108581321079,1.7199430343003155,-0.2448151262856454
2026-07-14T00:08:07.973558+00:00,62293.0,-8,強弱気,-0.02468772408869302,-0.05282860505356746,62876.92196554557,65081.26164892841,73968.48577405415,False,False,False,0.008256,hot,-0.001000754498900302,cold,0.04538480491824903,1.7234723334467699,-0.24187233545381404
2026-07-14T08:07:22.736915+00:00,62565.2,-9,強弱気,-0.011083292237269782,-0.048689776393775586,62902.84577506938,65091.93615873233,73971.19423176559,False,False,False,0.008256,hot,-0.0016020087844360112,cold,0.05598774807747131,1.6386125398756846,-0.23855956595660777
2026-07-14T10:10:00.779525+00:00,62688.8,-7,強弱気,-0.011145919104540658,-0.046810425834075686,62914.61720364081,65096.78321755586,73972.42408251186,False,False,False,0.003489,hot,-0.000587186227843011,cold,0.032666565085220034,1.639741705475397,-0.23705531059343843
2026-07-14T16:12:25.052458+00:00,64871.3,-7,強弱気,0.010818517537435568,-0.013625291557823327,63122.47434649795,65182.37145284998,73994.14050042232,False,False,False,0.00559,hot,-0.0005065414135372743,cold,0.027164047582056927,1.4163310817677914,-0.21049351989669796
2026-07-14T20:08:22.414624+00:00,64492.3,-7,強弱気,0.017134052193880978,-0.019388025070171455,63086.37910840271,65167.50870775194,73990.36935614371,False,False,False,0.00559,hot,-0.0007252028536740676,cold,0.0033623314861035425,1.7437119660706875,-0.21510608286305055
2026-07-14T21:14:10.361576+00:00,64623.0,-7,強弱気,0.016757948264495726,-0.01740071828900025,63098.82672745033,65172.63419794802,73991.66985365615,False,False,False,0.00559,hot,-0.0009128328923138506,cold,0.00882627297813654,1.738163656836896,-0.2135154180089549
2026-07-14T22:14:55.414379+00:00,64529.4,-5,強弱気,0.01884719044709393,-0.01882391580022913,63089.91244173604,65168.96360971272,73990.73851037257,False,False,False,0.00559,hot,-0.0003626254079536065,neutral,0.004348808661185144,1.7420584371135892,-0.21465456284708317
2026-07-14T23:12:59.686066+00:00,65028.1,-7,強弱気,0.021906493530984283,-0.011241131624482592,63137.40767983128,65188.52047245782,73995.70069942728,False,False,False,0.00559,hot,-0.0007355281793563359,cold,0.024786493371489637,1.7785654232559822,-0.20858520888581655
2026-07-15T00:06:14.149824+00:00,64968.2,-7,強弱気,0.030485580415631652,-0.020374128837112426,63290.39367029209,65204.028271951494,73849.70358235759,False,False,False,0.01,hot,-0.0006458544333997114,cold,0.023424866970182645,1.7401023876354482,-0.2093142129008153
2026-07-15T18:04:50.715498+00:00,65034.1,-7,強弱気,0.044264853702948415,-0.019380452778523294,63296.66986076828,65206.61258567698,73850.35930375062,False,False,False,0.004457,hot,-0.001331147813224135,cold,0.007538026335281112,1.5312760514220025,-0.2085121867808083
2026-07-16T01:08:04.943729+00:00,64640.1,-7,強弱気,0.045849694934011476,-0.01588077316574099,63383.70270424388,65195.02400117057,73706.84598508483,False,False,False,0.002426,hot,-0.0007566510571610536,cold,-0.028152492370796423,1.4620481163896049,-0.21330730500968142
2026-07-16T09:02:35.353867+00:00,64120.7,-5,強弱気,0.021557300263193024,-0.023788426873233903,63334.23603757721,65174.655373719586,73701.67782588085,False,False,False,0.007584,hot,-0.0003540198407066219,neutral,-0.048669114806762614,1.150069171421123,-0.21962858523322648
2026-07-16T11:11:43.920465+00:00,64148.2,-7,強弱気,0.024186814362327835,-0.023369750560265024,63336.855085196265,65175.73380509214,73701.95145772165,False,False,False,0.007584,hot,-0.000732054835521482,cold,-0.04789877872386561,1.141470670875698,-0.2192939005852722
2026-07-16T19:05:51.510373+00:00,64303.2,-7,強弱気,0.015867599385770204,-0.021009938614440227,63351.616989958166,65181.812236464684,73703.49374627887,False,False,False,0.006102,hot,-0.0008744510382064334,cold,-0.03396032637618285,0.6347431350760543,-0.21740749620589306
2026-07-16T20:11:08.552627+00:00,64211.7,-7,強弱気,0.014806842534468512,-0.022402988892136766,63342.90270424388,65178.224001170565,73702.58329851767,False,False,False,0.006102,hot,-0.0008785003356085607,cold,-0.035060010028992616,0.7215394206734265,-0.2185210833072685
2026-07-17T01:02:59.411674+00:00,63941.4,-7,強弱気,-0.00036738898989918667,-0.00823608241666196,63352.67871020587,65141.14169890603,73546.84060802025,False,False,False,0.007639,hot,-0.0005653614090401751,cold,-0.029078660874751416,1.4366490157792884,-0.2218107291378888
2026-07-17T12:07:18.965226+00:00,63275.0,-7,強弱気,-0.019126072721861287,-0.018572288297007744,63289.212043539206,65115.0083655727,73540.20976224911,False,False,False,0.00152,hot,-0.0007729751086527617,cold,-0.013273583998587357,1.5622669994060936,-0.22992105093413517
2026-07-17T14:02:03.205692+00:00,63226.5,-7,強弱気,-0.012420788576373298,-0.01932454817875562,63284.59299592016,65113.106404788385,73539.72717518444,False,False,False,0.00152,hot,-0.0012994551335279274,cold,-0.01726691269699976,1.6776015061338212,-0.23051131294961835
2026-07-17T18:03:52.279459+00:00,64045.3,-5,強弱気,0.0019085372626257424,-0.006624540113288724,63362.57394830111,65145.21620870996,73547.87443886603,False,False,False,0.006045,hot,-0.0003620874599697765,neutral,-0.006924841786733693,1.6884214352000868,-0.2205462296861631
2026-07-18T01:05:20.205097+00:00,63900.9,-7,強弱気,-0.004114398993842472,0.014678491183219178,63390.56139435755,65116.47557656631,73391.53982038025,False,False,False,0.003074,hot,-0.0005510094537009515,cold,-0.006003588075021438,0.8652107712910742,-0.22230362834669426
2026-07-18T04:13:34.089625+00:00,63998.7,-7,強弱気,-0.0027922384496844588,0.016231451414416398,63399.87568007183,65120.310870683956,73392.5129547086,False,False,False,0.003074,hot,-0.0007562653616400674,cold,-0.00662823316458927,0.8417408536627401,-0.22111336803506032
2026-07-18T11:00:47.829579+00:00,64012.0,-7,強弱気,-0.0029764917893372322,0.016442641302708116,63401.1423467385,65120.83243931141,73392.64529301706,False,False,False,0.006955,hot,-0.0007486096356932803,cold,-0.0029228872658529914,0.6206801623431982,-0.22095150236895877
2026-07-18T12:03:52.714216+00:00,64137.2,-7,強弱気,-0.0017338899213368286,0.018430684461664182,63413.06615626231,65125.74224323298,73393.89106416133,False,False,False,0.006955,hot,-0.001066307852541106,cold,0.009953261063412766,0.6054477363889691,-0.21942777444445394
2026-07-18T19:00:26.740871+00:00,64525.7,-7,強弱気,0.0019409726912906766,0.024599652251236614,63450.06615626231,65140.97753735062,73397.75673580312,False,False,False,0.003326,hot,-0.000745284437053709,cold,0.020520377509752663,0.28289171410264285,-0.21469959314517162
2026-07-18T20:07:29.390594+00:00,64545.5,-7,強弱気,0.0028728756413085588,0.024914055242828637,63451.95187054802,65141.75400793886,73397.9537507285,False,False,False,0.003326,hot,-0.0007176332974413353,cold,0.021378761765887155,0.2509857665403683,-0.21445862019864437
2026-07-18T21:05:32.115927+00:00,64700.6,-7,強弱気,0.00811156123402923,0.02737687867696681,63466.723299119454,65147.836360880035,73399.4970343106,False,False,False,0.003326,hot,-0.0005800564446079145,cold,0.02174536646926728,0.22707397610645072,-0.21257099878418195
2026-07-18T22:06:38.523440+00:00,64799.9,-7,強弱気,0.015203001746841194,0.02895365731661803,63476.1804419766,65151.7304785271,73400.48509401208,False,False,False,0.003326,hot,-0.0008899705092137218,cold,0.022619548493069574,0.23644446480935347,-0.21136248294629578
2026-07-18T23:09:50.915393+00:00,64757.0,-7,強弱気,0.014268709081226794,0.028272450834835317,63472.094727690885,65150.04812558592,73400.05822834044,False,False,False,0.003326,hot,-0.0008379016940253878,cold,0.02193954431454137,0.2568846970477678,-0.21188459099710466
2026-07-19T00:09:15.438544+00:00,64834.3,-7,強弱気,0.010990261891953068,0.020246208753424755,63590.20070373681,65160.87664491062,73262.9753310115,False,False,False,0.003326,hot,-0.0008034327508742098,cold,0.02620749718750126,0.26786654675089183,-0.21094382287758195
2026-07-19T14:11:58.458886+00:00,64504.0,-7,強弱気,0.005197092121769442,0.015048538342064433,63558.743560879666,65147.923703734145,73259.68876384733,False,False,False,0.006905,hot,-0.0005286493860845613,cold,0.028060519831055508,0.34379040021484303,-0.21496368975828462
2026-07-20T13:03:28.708339+00:00,64657.1,-7,強弱気,0.029848796889608842,0.005237856847460032,63660.400837523244,65157.69627852059,73127.76310113506,False,False,False,0.005278,hot,-0.001002674106942652,cold,-0.005619800333525937,0.8166067675394207,-0.21310040904549155
2026-07-21T01:08:19.126115+00:00,65579.6,-7,強弱気,0.04842311916573294,0.03574429373748367,63877.35947920672,65229.119943997735,73021.71365108447,False,False,False,0.0054,hot,-0.0006041512909503853,cold,0.0131617396619359,0.8878057068488853,-0.20187326040047748
2026-07-21T10:00:15.336503+00:00,66282.9,-4,弱弱気,0.05459703363807322,0.04685200042958848,63944.340431587676,65256.700336154594,73028.71166103471,False,False,False,0.008926,hot,-0.00037566250118800144,neutral,0.06584672239504874,0.8005495787798268,-0.1933138526584306
2026-07-21T14:11:39.203650+00:00,66931.6,-5,強弱気,0.03390024251973389,0.057097371297167854,64006.12138396863,65282.139551840875,73035.16638740287,False,False,False,0.008926,hot,-0.0005711801301628898,cold,0.08176346406890267,0.8965551574635329,-0.1854189460719583
2026-07-22T01:07:01.832679+00:00,66630.0,-7,強弱気,0.033146592694011545,0.04055558765700873,64215.396802740564,65355.7633037225,72959.59273300783,False,False,False,0.003928,hot,-0.0009500225123818537,cold,0.04741502560476163,1.014025612659472,-0.18908952388370492
2026-07-22T17:01:04.911383+00:00,66249.0,-7,強弱気,0.020927401334545515,0.03460553994730842,64179.111088454854,65340.822127251915,72955.8016882317,False,False,False,0.001443,hot,-0.0005704237045086507,cold,-0.02251040792466774,0.7957852416769448,-0.19372642755172698
2026-07-22T21:04:02.553102+00:00,65911.7,-5,強弱気,0.016033210218338922,0.029337951778064753,64146.98727893105,65327.594676271525,72952.44546932624,False,False,False,0.001443,hot,-0.00041570768164065226,neutral,-0.02903274991846072,0.7265517451416369,-0.19783148688827246
2026-07-23T01:03:57.062031+00:00,66098.7,0,レンジ相場,0.02250166681878163,0.053473182922242346,64350.824286340125,65407.29308343082,72882.2213606792,False,False,False,-0.000343,cold,-0.0002310181592074288,neutral,-0.01881347284210022,0.7305682160429126,-0.1955556312821829
2026-07-23T20:01:29.770380+00:00,64886.8,-7,強弱気,0.011119906752351527,0.03415806552381451,64235.405238721076,65359.76759323475,72870.16265421154,False,False,False,0.008458,hot,-0.0009821720288256347,cold,0.006549327898435209,0.9732014023178673,-0.21030487945876009
2026-07-24T01:08:34.853021+00:00,65071.3,-6,強弱気,0.025651008213555704,0.06525650281328832,64338.21925028108,65396.261195159954,72794.45486226023,False,False,False,0.007598,hot,-0.0010022851856348522,cold,0.006742017117119081,1.1024260445912046,-0.20805944972975732
2026-07-24T22:13:10.734328+00:00,64151.9,-6,強弱気,0.0034427311603928423,0.05020536923079444,64250.657345519176,65360.20629319917,72785.30660355376,False,False,False,0.005879,hot,-0.0008992718843869367,cold,-0.001235242974179207,1.0253402243546101,-0.21924887028718365
2026-07-25T19:08:10.875924+00:00,64439.2,-6,強弱気,-0.004129421510082554,0.0774254495598452,64282.91782361196,65369.32531382519,72716.1437336853,False,False,False,0.000729,hot,-0.0013435920992190232,cold,0.015822769149658855,0.6061168406961299,-0.21575232849237347
2026-07-25T20:14:54.081450+00:00,64366.9,-6,強弱気,-0.00596112297673157,0.07621659128719172,64276.03210932625,65366.49001970754,72715.42433070022,False,False,False,0.000729,hot,-0.0008664391169996391,cold,0.014129435849772332,0.5882012259279946,-0.21663224485772248
2026-07-25T21:10:53.438136+00:00,64316.3,-6,強弱気,-0.007634494708468109,0.07537055769664858,64271.2130617072,65364.505705982054,72714.92084811316,False,False,False,0.000729,hot,-0.001028821620646796,cold,0.014238281826954857,0.5758248217561597,-0.21724806460995838
2026-07-25T22:09:44.388712+00:00,64395.6,-6,強弱気,-0.0067603522231425295,0.07669645618933751,64278.765442659584,65367.61550990362,72715.70990283953,False,False,False,0.000729,hot,-0.0009412133748268606,cold,0.015564867003038163,0.5922458715142266,-0.21628295578876644
2026-07-25T23:11:37.458516+00:00,64404.8,-6,強弱気,-0.005913141188400917,0.07685028047852738,64279.641633135776,65367.97629421735,72715.80144512809,False,False,False,0.000729,hot,-0.0008333229821380631,cold,0.017262700061980274,0.5741616436619433,-0.21617098856108719
2026-07-26T00:13:30.401269+00:00,64404.3,-4,弱弱気,-0.005748980729181841,0.07178838585134084,64302.175936592816,65367.508157736745,72643.43162329428,False,False,False,0.000729,hot,-0.0004173634369134461,neutral,-0.0003023920417533077,0.5732044278842964,-0.21617707373650452
2026-07-26T09:01:45.321006+00:00,64483.1,-6,強弱気,-0.0017647851064521713,0.07309974122365426,64309.68069849757,65370.59835381518,72644.21570289627,False,False,False,0.005884,hot,-0.0006032588383623221,cold,-0.0022569202105902075,0.5682432311856764,-0.21521805009072992
2026-07-26T12:01:24.927952+00:00,64514.5,-6,強弱気,0.0004947070992795677,0.07362228638470314,64312.67117468805,65371.829726364194,72644.52814070722,False,False,False,0.005884,hot,-0.0010281409605592813,cold,0.0006326165419019425,0.5617833056403748,-0.21483590107452022
2026-07-26T15:02:46.750815+00:00,64749.8,-6,強弱気,0.0032040655067164803,0.0775380467794411,64335.08069849757,65381.05717734459,72646.86943423955,False,False,False,0.005884,hot,-0.0011444050792435779,cold,0.004453464764747839,0.4537644418562875,-0.21197221752311446
2026-07-26T16:13:58.265740+00:00,64715.5,-6,強弱気,0.0025033344228622134,0.07696724107804065,64331.81403183091,65379.71207930538,72646.52814070722,False,False,False,0.005819,hot,-0.0010068685245420879,cold,0.00045857735454424287,0.4803225457197805,-0.2123896605567448
2026-07-26T23:01:56.458406+00:00,65459.1,-6,強弱気,0.013488594612922844,0.08934190928682573,64402.63307944995,65408.8728636191,72653.92714568233,False,False,False,0.005819,hot,-0.0009745016353723298,cold,-0.005392944791472787,0.4204560144641192,-0.2033397876760593
2026-07-27T00:11:31.655316+00:00,65196.4,-6,強弱気,0.009086927114207999,0.0861631500470641,64478.02682805078,65431.56504685291,72585.72744359264,False,False,False,0.005819,hot,-0.0009436103833954647,cold,-0.018078414998933368,0.47327703784459774,-0.20653693884033586
2026-07-27T04:02:08.269041+00:00,65290.9,-6,強弱気,0.018207081970076366,0.0877375071845663,64487.02682805078,65435.27092920586,72586.66774210011,False,False,False,0.006147,hot,-0.0009938597875048347,cold,-0.0168968657562536,0.47851299799231223,-0.2053868406864564
2026-07-27T22:04:29.380796+00:00,64695.0,-6,強弱気,-0.008393289047340158,0.07780989429316354,64430.2744470984,65411.902301754875,72580.73838886627,False,False,False,0.00504,hot,-0.00069278924182703,cold,-0.013465532173470018,1.0714769314186736,-0.21263915274885625
2026-07-28T17:09:29.770430+00:00,63900.0,-6,強弱気,-0.036164205039096564,0.07271100426902044,64308.83686186127,65356.779092731435,72507.0695782699,False,False,False,0.006689,hot,-0.0014932707355242293,cold,-0.02586159388082865,2.4358760611272468,-0.22231458166244555
2026-07-28T20:07:54.001559+00:00,63918.4,-6,強弱気,-0.037073304478956515,0.07301989131876319,64310.58924281366,65357.500661358885,72507.25266284702,False,False,False,0.006689,hot,-0.0011567874039400598,cold,-0.02137077118788011,2.533266197246717,-0.22209064720708693
2026-07-29T01:09:36.565253+00:00,63953.5,-6,強弱気,-0.035518717754985385,0.061858374607117295,64287.12697850593,65338.68875918669,72451.90206098279,False,False,False,0.01,hot,-0.0019470396459927415,cold,-0.016220438190678532,2.061299981658866,-0.2216634678927889
2026-07-29T19:11:46.300018+00:00,64232.4,-4,弱弱気,-0.025519422888742205,0.06648911883030961,64313.68888326783,65349.62601408865,72454.6771853609,False,False,False,0.003665,hot,-0.00044183309357901393,neutral,-0.004224413657555437,1.2108669738234255,-0.21826915704499006
2026-07-30T01:01:31.211770+00:00,63731.8,-6,強弱気,-0.031553770573012785,0.08719675607255506,64249.65779666761,65310.17671332445,72396.36430506951,False,False,False,0.008462,hot,-0.001787333795687608,cold,0.019797655285198834,1.2865031034809493,-0.22436163467284265
2026-07-30T07:10:24.437166+00:00,64075.2,-6,強弱気,-0.023984840776361982,0.09305479501128433,64282.36255857238,65323.64337999112,72399.7812204924,False,False,False,0.008462,hot,-0.0014489225160435942,cold,-0.005106315003605144,1.127663309544147,-0.22018233619620553
2026-07-30T13:14:19.907380+00:00,64866.8,-6,強弱気,-3.391450461698309e-05,0.10655864947808191,64357.753034762856,65354.686517246024,72407.65783740782,False,False,False,0.007278,hot,-0.0015419289991182557,cold,0.03803815462286586,1.047331048711025,-0.2105482864754541
2026-07-30T20:00:41.356450+00:00,64804.7,-5,強弱気,-0.005196244581168852,0.1054992894952771,64351.83874904857,65352.251223128376,72407.03992696006,False,False,False,0.009029,hot,-0.0012252197757260535,cold,0.056102860252793096,0.8901051881528421,-0.2113040652622893
2026-07-31T16:05:45.937599+00:00,62799.6,-7,強弱気,-0.02150978262732528,0.046367017235174,64205.87007153338,65272.58498569752,72328.62191984925,False,False,False,0.005664,hot,-0.0014027159408658099,cold,0.00636163288641689,1.1073564231550814,-0.2357068357209533
2026-08-01T00:03:48.837662+00:00,62934.3,-7,強弱気,-0.017981890158176306,0.022349472453032426,64092.01501394645,65203.92477819668,72248.3504391536,False,False,False,0.004123,hot,-0.0005097379330508442,cold,-0.001251363590429433,1.0377365487463877,-0.23406748946351863
2026-08-01T14:12:40.860861+00:00,63077.7,-7,強弱気,-0.0171613500345128,0.024678963912375895,64105.6721568036,65209.54830760844,72249.77730482523,False,False,False,0.003163,hot,-0.0008831964386779976,cold,0.00015806032940623993,0.5039848798605063,-0.23232226115382226
2026-08-02T11:14:35.335163+00:00,63170.5,-7,強弱気,-0.020348124920521182,0.008939352316213789,63988.79930846993,65137.821285551545,72168.65483920803,False,False,False,0.008943,hot,-0.001271479567203041,cold,0.0026535598937913463,0.5030165584601081,-0.2311928525963617
2026-08-02T14:06:55.306760+00:00,63096.6,-7,強弱気,-0.025836035201482144,0.007759044765439649,63981.76121323183,65134.92324633586,72167.91951582493,False,False,False,0.008943,hot,-0.00158281111819013,cold,-0.0014632188833695325,0.48212321858229373,-0.2320922415230463
2026-08-03T10:11:41.449846+00:00,62779.1,-7,強弱気,-0.03590454734624238,-0.0058544263707307476,63897.73582030612,65073.12355830078,72076.76151714622,False,False,False,0.006364,hot,-0.0010232704833296107,cold,0.011883188233142938,0.8668610823077775,-0.23595632791306476
2026-08-03T16:00:48.122598+00:00,63701.3,-7,強弱気,-0.020255835664728217,0.008749176548089599,63985.5643917347,65109.28826418313,72085.93763654922,False,False,False,0.002474,hot,-0.0015724953807850944,cold,0.006903410272833144,1.2625989716053376,-0.22473283037330105
2026-08-03T18:03:45.456075+00:00,63909.9,-7,強弱気,-0.016542304443032174,0.012052485557920267,64005.43105840136,65117.468656339996,72088.01325843977,False,False,False,0.002474,hot,-0.0011362871792946416,cold,0.001851978144921107,1.0244577603962481,-0.22219409518918198
2026-08-03T21:02:14.625848+00:00,63761.5,-7,強弱気,-0.0011044617119939648,0.009702480490523913,63991.29772506803,65111.64904849685,72086.53664152433,False,False,False,0.002474,hot,-0.0008779592700925041,cold,-0.0036687077226454923,1.018738282058404,-0.22400017525305194
2026-08-04T01:05:35.097771+00:00,63457.6,-7,強弱気,0.00403940995818175,-0.0023911447467916958,63905.84795805736,65044.74227489736,71991.11067452261,False,False,False,0.003081,hot,-0.0007732722321676161,cold,-0.003963656549292538,1.0689966532068933,-0.22769874487171837
2026-08-04T10:08:14.018451+00:00,63542.8,-7,強弱気,0.0009782500823085627,-0.0010517263876420602,63913.962243771646,65048.08345136795,71991.95843571665,False,False,False,0.006248,hot,-0.0011404911335352102,cold,-0.00788941544968036,1.2417739891104098,-0.22666183098060155
2026-08-04T15:04:15.858411+00:00,64200.0,-7,強弱気,0.002467130945317031,0.009280031190211702,63976.55271996213,65073.85600038756,71998.49773919924,False,False,False,0.006248,hot,-0.0008260124610591718,cold,0.015528205635694015,1.4911692443688114,-0.21866347641203443
2026-08-04T20:12:21.303281+00:00,64181.5,-7,強弱気,0.003071032273189056,0.008989195044152076,63974.79081520022,65073.13051019148,71998.31365959725,False,False,False,0.007684,hot,-0.0009653872221746006,cold,0.004282225969714615,1.4049057323280758,-0.21888862790247654
2026-08-05T01:07:52.702707+00:00,63991.4,-5,強弱気,0.0005331682231739521,-0.0007432970533580718,63956.374227233166,65038.82888898087,71913.11755863231,False,False,False,0.001674,hot,-0.0004906909365946276,neutral,-0.001662324940823856,1.3802882059091726,-0.2212022115961536
2026-08-05T10:05:30.765429+00:00,64156.2,-7,強弱気,-0.005411958397217087,0.0018301347616296315,63972.0694653284,65045.29163407891,71914.75735962734,False,False,False,0.001015,hot,-0.0005020559197707958,cold,-0.00845902497243245,1.2865785995072287,-0.2191965377785945
2026-08-05T18:09:46.690821+00:00,64693.1,-7,強弱気,0.01716151794923393,0.010214088289948187,64023.20279866173,65066.346536039695,71920.09964818455,False,False,False,0.002676,hot,-0.0011658121190667669,cold,0.008614815457977487,0.7591103405986523,-0.21266227641544222
2026-08-05T21:04:33.642539+00:00,64772.1,-5,強弱気,0.012980493290023265,0.01144771155077362,64030.72660818555,65069.44457525538,71920.8857178363,False,False,False,0.002676,hot,-0.0004514289331363035,neutral,-0.00016316891648326948,0.7489514037380628,-0.21170081869950064
2026-08-06T04:09:35.270520+00:00,64527.4,-7,強弱気,0.007702134172051789,0.01881561267973675,64059.367449552105,65059.72237679205,71844.48638732034,False,False,False,0.006595,hot,-0.0006045493852224332,cold,-0.011777428491148045,0.7388389180674151,-0.21467890354875252
2026-08-06T14:01:38.564124+00:00,64427.4,-7,強弱気,-0.004507170217138312,0.017236724311880947,64049.843640028295,65055.8008081646,71843.49136244472,False,False,False,0.002632,hot,-0.0014818229511046723,cold,-0.01820400378132947,0.8319073968200861,-0.2158959386322229
2026-08-07T00:14:27.575687+00:00,64288.2,-7,強弱気,-0.004228545937807859,0.03193154293253975,64060.57986668348,65041.81208713911,71770.55807517603,False,False,False,0.005939,hot,-0.0009051427789235825,cold,-0.017938045805413916,0.8644280176462892,-0.2175900514684137
2026-08-07T05:12:31.849952+00:00,64255.6,-7,強弱気,0.0001182916199726769,0.03140825921484969,64057.47510477872,65040.53365576656,71770.23369706658,False,False,False,0.000799,hot,-0.0009034232035806316,cold,-0.017987817693875696,0.9248345107802022,-0.21798680490562494
2026-08-07T10:02:23.168683+00:00,64846.5,-7,強弱気,0.01629131599981193,0.040893177889176124,64113.751295254915,65063.70620478617,71776.11329905663,False,False,False,0.004574,hot,-0.0012635994232534113,cold,-0.011620264086646404,0.8510147948796443,-0.21079534459739868
2026-08-07T11:06:11.344790+00:00,64965.3,-7,強弱気,0.018935662975626544,0.04280011364566638,64125.065580969196,65068.36502831558,71777.29538860887,False,False,False,0.004574,hot,-0.0007210002878460314,cold,-0.007556180634914811,0.8467972550166678,-0.20934950691823584
2026-08-07T13:03:47.832203+00:00,65216.3,-5,強弱気,0.039989730276230206,0.04682907723892393,64148.97034287396,65078.20816557048,71779.79290104668,False,False,False,0.004574,hot,-0.00041937368418640465,neutral,0.01853620117660415,1.3611209877951176,-0.20629474885872523
2026-08-07T18:10:23.870596+00:00,64854.5,-5,強弱気,0.029846811983821997,0.04102159107143133,64114.513200016816,65064.019930276365,71776.19290104667,False,False,False,0.006308,hot,-0.00031470445381590317,neutral,0.01946412981580181,1.3996282420602693,-0.21069798179072108
2026-08-07T19:14:13.482271+00:00,64823.1,-7,強弱気,0.029624511579148027,0.04051756933107953,64111.52272382634,65062.78855772735,71775.88046323574,False,False,False,0.006308,hot,-0.0007221191211157392,cold,0.02053243731034482,1.4074273406301046,-0.21108013080693078
2026-08-07T20:00:37.211074+00:00,64963.6,-7,強弱気,0.03205778949157767,0.04277282584443709,64124.903676207294,65068.298361648915,71777.27847318599,False,False,False,0.006308,hot,-0.0007538067471630446,cold,0.020402735559157836,1.4188556515261843,-0.20937019651465494
2026-08-07T23:04:40.478518+00:00,64886.7,-7,強弱気,0.030976959535790494,0.04153845413000856,64117.57986668348,65065.2826753744,71776.51329905662,False,False,False,0.006308,hot,-0.0005403264459434317,cold,0.02034487297933496,1.4190832588863227,-0.21030609649384358
2026-08-08T03:08:03.789064+00:00,64938.1,-7,強弱気,0.029131583409799378,0.026773742663428468,64191.387623617375,65077.04579639749,71721.85650134682,False,False,False,0.005557,hot,-0.0005965681164062078,cold,0.023953194289020097,1.3776469389267123,-0.20570747799241396
2026-08-08T06:05:08.987420+00:00,64997.8,-7,強弱気,0.030850432813238626,0.027717693786682762,64197.073337903086,65079.38697286808,71722.45053119755,False,False,False,0.005557,hot,-0.0007743339005320449,cold,0.024039474040352005,1.3679451919101635,-0.2049772554641316
2026-08-08T07:13:43.748950+00:00,65010.9,-7,強弱気,0.029573907052982573,0.027924825440194256,64198.32095695071,65079.90069835827,71722.58087945626,False,False,False,0.005557,hot,-0.0007691017967756176,cold,0.028124846480213517,1.356553502385075,-0.20481702238003607
2026-08-08T08:01:02.623748+00:00,64964.2,-7,強弱気,0.030222777615670493,0.027186424812790877,64193.87333790309,65078.06932580926,71722.11620283934,False,False,False,0.005417,hot,-0.0006639041194996226,cold,0.0271402225960391,1.333693656639313,-0.20538823497753678
2026-08-08T11:02:27.323845+00:00,65024.6,-7,強弱気,0.030510591225906936,0.028141444039668118,64199.625718855474,65080.43795326023,71722.71719786423,False,False,False,0.005417,hot,-0.0008908936002682107,cold,0.011853819538816035,1.1629347519329338,-0.20464945037605842
2026-08-08T12:02:51.537450+00:00,64955.2,-7,強弱気,0.02982855004772178,0.027044120623355594,64193.016195045944,65077.71638463278,71722.02665060054,False,False,False,0.005417,hot,-0.0006081114368056753,cold,0.0020420557575051568,0.5023750416381445,-0.2054983187757703
2026-08-08T13:11:00.330558+00:00,65015.0,-7,強弱気,0.030275178473801345,0.027989652904270246,64198.71143314119,65080.061482672,71722.62167547617,False,False,False,0.005417,hot,-0.0008130431438898805,cold,-0.004895100665742724,0.38149991254826754,-0.20476687309417418
2026-08-08T15:03:05.736050+00:00,65136.2,-7,強弱気,0.03529325748581047,0.029906015988666157,64210.25429028404,65084.81442384847,71723.82764562542,False,False,False,0.005417,hot,-0.0008740147567712008,cold,-0.0036262327228859803,0.35320934646892604,-0.20328441127796282
2026-08-08T16:11:45.421157+00:00,65087.2,-7,強弱気,0.037871418958352665,0.02913124873507389,64205.58762361738,65082.89285522102,71723.34008343637,False,False,False,0.005801,hot,-0.0006257758822010461,cold,0.001419551940260444,0.3965882854338433,-0.20388375640167866
2026-08-08T22:01:43.610548+00:00,65024.4,-7,強弱気,0.03513357763931646,0.02813828172434718,64199.606671236426,65080.43011012298,71722.71520781447,False,False,False,0.005801,hot,-0.0009764027042156169,cold,0.003882958443410578,0.4247244025638577,-0.2046518966826858
2026-08-09T09:10:52.619450+00:00,64830.8,-7,強弱気,0.025437106351209993,0.010407867462556286,64243.489320095025,65075.40750436126,71648.62557925234,False,False,False,0.006667,hot,-0.0008460484831284793,cold,-0.008927177001282205,0.817633154117033,-0.20049230222818548
2026-08-09T11:07:05.424892+00:00,64964.3,-5,強弱気,0.029337993779382066,0.01248850583669725,64256.20360580931,65080.64279847891,71649.9539374613,False,False,False,0.006667,hot,-0.000469796488225134,neutral,-0.007527846648903269,0.8136418286303896,-0.1988459508388375
2026-08-09T14:09:39.789016+00:00,65241.9,-7,強弱気,0.03362347036419755,0.01681498683041638,64282.6417010474,65091.52907298871,71652.71612651602,False,False,False,0.006667,hot,-0.000889305798880843,cold,-0.002180813235598711,0.8265095445943941,-0.1954225265266054
2026-08-09T18:00:15.617120+00:00,65215.3,-7,強弱気,0.027799229016223448,0.016400417686205593,64280.10836771407,65090.485935733814,71652.4514498991,False,False,False,0.007054,hot,-0.0010775078854195882,cold,0.0054827262332615145,0.720727242401657,-0.19575056358246057
2026-08-09T20:03:46.218502+00:00,65183.4,-7,強弱気,0.025673545045144186,0.015903246419275874,64277.070272475976,65089.23495534166,71652.13403696378,False,False,False,0.007054,hot,-0.000858654197234283,cold,0.007002521263800521,0.7298495007413697,-0.19614396140508372
2026-08-09T23:05:01.961367+00:00,65090.2,-7,強弱気,0.028032718789928968,0.014450695883920561,64268.19408199978,65085.58005338087,71651.2066737797,False,False,False,0.007054,hot,-0.0007796872647495322,cold,0.0061973976370834905,0.8899780259270944,-0.19729332432259117
2026-08-10T05:06:50.908022+00:00,65019.3,-5,強弱気,0.03773687293412009,0.018640283881277586,64315.25853639641,65082.73630130383,71574.04460247519,False,False,False,0.007497,hot,-0.0003434364873199457,neutral,0.0018859964763964232,0.44875414078099624,-0.1981676787308665
2026-08-10T11:09:12.706373+00:00,65029.8,-7,強弱気,0.03715624058015865,0.0188047846215309,64316.25853639641,65083.14806600971,71574.14908008713,False,False,False,0.007908,hot,-0.0012180569523511744,cold,0.007534739051829664,0.4893876254545278,-0.19803819041934467
2026-08-10T21:11:20.092719+00:00,64125.7,-7,強弱気,0.008294259900437417,0.0046404875488605946,64230.15377449164,65047.69316404892,71565.15306018663,False,False,False,0.005057,hot,-0.0012851321700971096,cold,-0.026606120863034155,0.8063012854858109,-0.20918775065237438
